{"Fid":"dl0D2H1kRUi1Bi71Xc9X4G","Status":3,"AuthToken":"eyJhbGciOiJFUzI1NiIsInR5cCI6IkpXVCJ9.eyJhcHBJZCI6IjE6MjY5MzQxMDkwMjc5OmFuZHJvaWQ6NWI2ZTkxMTdkYmNmYWZmOGZhZGQ0MiIsImV4cCI6MTc3MDcyNDY4MSwiZmlkIjoiZGwwRDJIMWtSVWkxQmk3MVhjOVg0RyIsInByb2plY3ROdW1iZXIiOjI2OTM0MTA5MDI3OX0.AB2LPV8wRAIgR4Dq3afK2NycelHii3dI_wV3vKIijAn8i1EO_CsvjSkCIGE3n3Ls40zYjdm9sQJTeX3GlnhR5yFea79CfGkwXtqt","RefreshToken":"3_AS3qfwIB6MnXflO1J9kRcaNg59mMlexMf8ORqKbm1By0Nh_Drv6dRL-8OatD5tkvCaaMqD69vecavfS1Fqxw4FubNR4LkG6a1uICDZNdaDeT7u0","TokenCreationEpochInSecs":1770119881,"ExpiresInSecs":604800}