{"Fid":"ddb2VeDxS5KIcoOuGdAOlK","Status":3,"AuthToken":"eyJhbGciOiJFUzI1NiIsInR5cCI6IkpXVCJ9.eyJhcHBJZCI6IjE6MjY5MzQxMDkwMjc5OmFuZHJvaWQ6NWI2ZTkxMTdkYmNmYWZmOGZhZGQ0MiIsImV4cCI6MTc2NjgxNjc1NywiZmlkIjoiZGRiMlZlRHhTNUtJY29PdUdkQU9sSyIsInByb2plY3ROdW1iZXIiOjI2OTM0MTA5MDI3OX0.AB2LPV8wRQIgNpyH6Vwte8TXA7YQU1-Fy9HdHqZKr1YtZ5Ep17seBBACIQCmD6skK92uBYDE2rHYCcn3pzU6EasF8TrbsZDxxDF2BA","RefreshToken":"3_AS3qfwKlDxIFwpIuDYxSOZb5oBzgcwjYw1FXRq16nPlNd0eJEu6c4pKN3NtBcoOfr2msDx3nrt9L22VDJEhv5y4WiEfK2vmtUKxv24LzwuTUzA","TokenCreationEpochInSecs":1766211956,"ExpiresInSecs":604800}