{"Fid":"dkKxQiNLQCilNb1hkay5RZ","Status":3,"AuthToken":"eyJhbGciOiJFUzI1NiIsInR5cCI6IkpXVCJ9.eyJhcHBJZCI6IjE6MjY5MzQxMDkwMjc5OmFuZHJvaWQ6NWI2ZTkxMTdkYmNmYWZmOGZhZGQ0MiIsImV4cCI6MTc2OTIzOTc2MywiZmlkIjoiZGtLeFFpTkxRQ2lsTmIxaGtheTVSWiIsInByb2plY3ROdW1iZXIiOjI2OTM0MTA5MDI3OX0.AB2LPV8wRQIgdCpk5iD7_8qW1Hpwzi5_vNQUpK_ppb6AXhP7K-7hXMgCIQDqLtg_fyJ971KMO7YP4aTPqyHozD6zh8WjgP2nZGJCaA","RefreshToken":"3_AS3qfwKWylvUt8FkFDCWcBu3_8JjZiEwcnzRjkV4dp7ydV_md8Zof6lieHhM4upbN_pAfNHGvvK7vPwRQ-HcMi3VuC6KWPzyIauIfxCXLmJ2xt0","TokenCreationEpochInSecs":1768634963,"ExpiresInSecs":604800}