{"Fid":"dkKxQiNLQCilNb1hkay5RZ","Status":3,"AuthToken":"eyJhbGciOiJFUzI1NiIsInR5cCI6IkpXVCJ9.eyJhcHBJZCI6IjE6MjY5MzQxMDkwMjc5OmFuZHJvaWQ6NWI2ZTkxMTdkYmNmYWZmOGZhZGQ0MiIsImV4cCI6MTc2ODYwMzk2MCwiZmlkIjoiZGtLeFFpTkxRQ2lsTmIxaGtheTVSWiIsInByb2plY3ROdW1iZXIiOjI2OTM0MTA5MDI3OX0.AB2LPV8wRgIhAOVks8cZS7rs0xapN_pDoBgmKGyJa-saRBUwDj-GD41NAiEAqs3FXmJu79W9QEU38xmeIVcFlpjgssKF1-2MsVxTfAk","RefreshToken":"3_AS3qfwKWylvUt8FkFDCWcBu3_8JjZiEwcnzRjkV4dp7ydV_md8Zof6lieHhM4upbN_pAfNHGvvK7vPwRQ-HcMi3VuC6KWPzyIauIfxCXLmJ2xt0","TokenCreationEpochInSecs":1767999159,"ExpiresInSecs":604800}